timestamp,service_type,container_id,avg_p_latency,s_config,cores,cooldown
2025-06-02 12:07:17.529714,elastic-workbench-cv-analyzer,elastic-workbench-cv-analyzer-1,111,{'model_size': 1},2,0
2025-06-02 12:07:18.245428,elastic-workbench-qr-detector,elastic-workbench-qr-detector-1,43,{'quality': 700},2,1500
2025-06-02 12:07:18.536023,elastic-workbench-cv-analyzer,elastic-workbench-cv-analyzer-1,100,"{'model_size': 3, 'quality': 256}",2,0
2025-06-02 12:07:19.281246,elastic-workbench-qr-detector,elastic-workbench-qr-detector-1,36,{'quality': 700},2,2000
2025-06-02 12:07:19.628892,elastic-workbench-cv-analyzer,elastic-workbench-cv-analyzer-1,83,"{'model_size': 3, 'quality': 256}",2,0
2025-06-02 12:07:20.344973,elastic-workbench-qr-detector,elastic-workbench-qr-detector-1,40,{'quality': 700},2,0
2025-06-02 12:07:20.725908,elastic-workbench-cv-analyzer,elastic-workbench-cv-analyzer-1,78,"{'model_size': 3, 'quality': 256}",2,0
2025-06-02 12:07:21.367924,elastic-workbench-qr-detector,elastic-workbench-qr-detector-1,38,{'quality': 700},2,0
2025-06-02 12:07:21.730561,elastic-workbench-cv-analyzer,elastic-workbench-cv-analyzer-1,71,"{'model_size': 3, 'quality': 256}",2,0
2025-06-02 12:07:22.424732,elastic-workbench-qr-detector,elastic-workbench-qr-detector-1,30,{'quality': 600},2,1500
2025-06-02 12:07:22.732145,elastic-workbench-cv-analyzer,elastic-workbench-cv-analyzer-1,100,"{'model_size': 3, 'quality': 256}",2,0
2025-06-02 12:07:23.446872,elastic-workbench-qr-detector,elastic-workbench-qr-detector-1,28,{'quality': 600},2,0
2025-06-02 12:07:23.735929,elastic-workbench-cv-analyzer,elastic-workbench-cv-analyzer-1,91,"{'model_size': 3, 'quality': 256}",2,0
2025-06-02 12:07:24.466678,elastic-workbench-qr-detector,elastic-workbench-qr-detector-1,28,{'quality': 600},2,0
2025-06-02 12:07:24.738177,elastic-workbench-cv-analyzer,elastic-workbench-cv-analyzer-1,62,"{'model_size': 3, 'quality': 256}",2,0
2025-06-02 12:07:25.521329,elastic-workbench-qr-detector,elastic-workbench-qr-detector-1,28,{'quality': 600},2,0
2025-06-02 12:07:25.840269,elastic-workbench-cv-analyzer,elastic-workbench-cv-analyzer-1,78,"{'model_size': 3, 'quality': 256}",2,0
2025-06-02 12:07:26.542987,elastic-workbench-qr-detector,elastic-workbench-qr-detector-1,29,{'quality': 600},2,0
2025-06-02 12:07:26.925856,elastic-workbench-cv-analyzer,elastic-workbench-cv-analyzer-1,108,"{'model_size': 3, 'quality': 256}",2,0
2025-06-02 12:07:27.565597,elastic-workbench-qr-detector,elastic-workbench-qr-detector-1,29,{'quality': 600},2,0
2025-06-02 12:07:27.927873,elastic-workbench-cv-analyzer,elastic-workbench-cv-analyzer-1,71,"{'model_size': 3, 'quality': 256}",2,0
2025-06-02 12:07:28.650848,elastic-workbench-qr-detector,elastic-workbench-qr-detector-1,33,{'quality': 600},2,0
2025-06-02 12:07:28.949662,elastic-workbench-cv-analyzer,elastic-workbench-cv-analyzer-1,113,"{'model_size': 3, 'quality': 256}",2,0
2025-06-02 12:07:29.667059,elastic-workbench-qr-detector,elastic-workbench-qr-detector-1,33,{'quality': 600},2,0
2025-06-02 12:07:30.126724,elastic-workbench-cv-analyzer,elastic-workbench-cv-analyzer-1,117,"{'model_size': 3, 'quality': 256}",2,0
2025-06-02 12:07:30.734404,elastic-workbench-qr-detector,elastic-workbench-qr-detector-1,29,{'quality': 600},2,0
2025-06-02 12:07:31.136079,elastic-workbench-cv-analyzer,elastic-workbench-cv-analyzer-1,77,"{'model_size': 3, 'quality': 256}",2,0
2025-06-02 12:07:31.751511,elastic-workbench-qr-detector,elastic-workbench-qr-detector-1,36,{'quality': 600},2,0
2025-06-02 12:07:32.244411,elastic-workbench-cv-analyzer,elastic-workbench-cv-analyzer-1,110,"{'model_size': 3, 'quality': 256}",2,0
2025-06-02 12:07:32.776462,elastic-workbench-qr-detector,elastic-workbench-qr-detector-1,35,{'quality': 600},2,0
2025-06-02 12:07:33.347785,elastic-workbench-cv-analyzer,elastic-workbench-cv-analyzer-1,91,"{'model_size': 3, 'quality': 256}",2,0
2025-06-02 12:07:33.836996,elastic-workbench-qr-detector,elastic-workbench-qr-detector-1,31,{'quality': 600},2,0
2025-06-02 12:07:34.426818,elastic-workbench-cv-analyzer,elastic-workbench-cv-analyzer-1,119,"{'model_size': 3, 'quality': 256}",2,0
2025-06-02 12:07:34.855203,elastic-workbench-qr-detector,elastic-workbench-qr-detector-1,34,{'quality': 600},2,0
2025-06-02 12:07:35.433220,elastic-workbench-cv-analyzer,elastic-workbench-cv-analyzer-1,100,"{'model_size': 3, 'quality': 256}",2,0
2025-06-02 12:07:35.881164,elastic-workbench-qr-detector,elastic-workbench-qr-detector-1,28,{'quality': 600},2,0
2025-06-02 12:07:36.434593,elastic-workbench-cv-analyzer,elastic-workbench-cv-analyzer-1,90,"{'model_size': 3, 'quality': 256}",2,0
2025-06-02 12:07:36.939523,elastic-workbench-qr-detector,elastic-workbench-qr-detector-1,28,{'quality': 600},2,0
2025-06-02 12:07:37.526185,elastic-workbench-cv-analyzer,elastic-workbench-cv-analyzer-1,121,"{'model_size': 3, 'quality': 256}",2,0
2025-06-02 12:07:37.962875,elastic-workbench-qr-detector,elastic-workbench-qr-detector-1,28,{'quality': 600},2,0
2025-06-02 12:07:38.527810,elastic-workbench-cv-analyzer,elastic-workbench-cv-analyzer-1,83,"{'model_size': 3, 'quality': 256}",2,0
2025-06-02 12:07:38.979311,elastic-workbench-qr-detector,elastic-workbench-qr-detector-1,29,{'quality': 600},2,0
2025-06-02 12:07:39.627443,elastic-workbench-cv-analyzer,elastic-workbench-cv-analyzer-1,72,"{'model_size': 3, 'quality': 256}",2,0
2025-06-02 12:07:40.041913,elastic-workbench-qr-detector,elastic-workbench-qr-detector-1,30,{'quality': 600},2,0
2025-06-02 12:07:40.632791,elastic-workbench-cv-analyzer,elastic-workbench-cv-analyzer-1,71,"{'model_size': 3, 'quality': 256}",2,0
2025-06-02 12:07:41.063999,elastic-workbench-qr-detector,elastic-workbench-qr-detector-1,29,{'quality': 600},2,0
2025-06-02 12:07:41.638952,elastic-workbench-cv-analyzer,elastic-workbench-cv-analyzer-1,100,"{'model_size': 3, 'quality': 256}",2,0
2025-06-02 12:07:42.078735,elastic-workbench-qr-detector,elastic-workbench-qr-detector-1,28,{'quality': 600},2,0
2025-06-02 12:07:42.740199,elastic-workbench-cv-analyzer,elastic-workbench-cv-analyzer-1,78,"{'model_size': 3, 'quality': 256}",2,0
2025-06-02 12:07:43.137992,elastic-workbench-qr-detector,elastic-workbench-qr-detector-1,28,{'quality': 600},2,0
2025-06-02 12:07:43.827227,elastic-workbench-cv-analyzer,elastic-workbench-cv-analyzer-1,83,"{'model_size': 3, 'quality': 256}",2,0
2025-06-02 12:07:44.158691,elastic-workbench-qr-detector,elastic-workbench-qr-detector-1,29,{'quality': 600},2,0
2025-06-02 12:07:44.829662,elastic-workbench-cv-analyzer,elastic-workbench-cv-analyzer-1,91,"{'model_size': 3, 'quality': 256}",2,0
2025-06-02 12:07:45.175635,elastic-workbench-qr-detector,elastic-workbench-qr-detector-1,31,{'quality': 600},2,0
2025-06-02 12:07:45.926208,elastic-workbench-cv-analyzer,elastic-workbench-cv-analyzer-1,72,"{'model_size': 3, 'quality': 256}",2,0
2025-06-02 12:07:46.245595,elastic-workbench-qr-detector,elastic-workbench-qr-detector-1,31,{'quality': 600},2,0
2025-06-02 12:07:46.933359,elastic-workbench-cv-analyzer,elastic-workbench-cv-analyzer-1,77,"{'model_size': 3, 'quality': 256}",2,0
2025-06-02 12:07:47.269983,elastic-workbench-qr-detector,elastic-workbench-qr-detector-1,29,{'quality': 600},2,0
2025-06-02 12:07:48.032802,elastic-workbench-cv-analyzer,elastic-workbench-cv-analyzer-1,67,"{'model_size': 3, 'quality': 256}",2,0
2025-06-02 12:07:48.336020,elastic-workbench-qr-detector,elastic-workbench-qr-detector-1,30,{'quality': 600},2,0
2025-06-02 12:07:49.036704,elastic-workbench-cv-analyzer,elastic-workbench-cv-analyzer-1,91,"{'model_size': 3, 'quality': 256}",2,0
2025-06-02 12:07:49.366200,elastic-workbench-qr-detector,elastic-workbench-qr-detector-1,31,{'quality': 600},2,0
2025-06-02 12:07:50.136109,elastic-workbench-cv-analyzer,elastic-workbench-cv-analyzer-1,109,"{'model_size': 3, 'quality': 256}",2,0
2025-06-02 12:07:50.429378,elastic-workbench-qr-detector,elastic-workbench-qr-detector-1,28,{'quality': 600},2,0
2025-06-02 12:07:51.228112,elastic-workbench-cv-analyzer,elastic-workbench-cv-analyzer-1,108,"{'model_size': 3, 'quality': 256}",2,0
2025-06-02 12:07:51.454843,elastic-workbench-qr-detector,elastic-workbench-qr-detector-1,28,{'quality': 600},2,0
2025-06-02 12:07:52.330940,elastic-workbench-cv-analyzer,elastic-workbench-cv-analyzer-1,68,"{'model_size': 3, 'quality': 256}",2,0
2025-06-02 12:07:52.472382,elastic-workbench-qr-detector,elastic-workbench-qr-detector-1,28,{'quality': 600},2,0
2025-06-02 12:07:53.338558,elastic-workbench-cv-analyzer,elastic-workbench-cv-analyzer-1,62,"{'model_size': 3, 'quality': 256}",2,0
2025-06-02 12:07:53.542911,elastic-workbench-qr-detector,elastic-workbench-qr-detector-1,28,{'quality': 600},2,0
2025-06-02 12:07:54.441757,elastic-workbench-cv-analyzer,elastic-workbench-cv-analyzer-1,78,"{'model_size': 3, 'quality': 256}",2,0
2025-06-02 12:07:54.568458,elastic-workbench-qr-detector,elastic-workbench-qr-detector-1,27,{'quality': 600},2,0
2025-06-02 12:07:55.536827,elastic-workbench-cv-analyzer,elastic-workbench-cv-analyzer-1,67,"{'model_size': 3, 'quality': 256}",2,0
2025-06-02 12:07:55.623105,elastic-workbench-qr-detector,elastic-workbench-qr-detector-1,28,{'quality': 600},2,0
2025-06-02 12:07:56.629598,elastic-workbench-cv-analyzer,elastic-workbench-cv-analyzer-1,72,"{'model_size': 3, 'quality': 256}",2,0
2025-06-02 12:07:56.658199,elastic-workbench-qr-detector,elastic-workbench-qr-detector-1,28,{'quality': 600},2,0
2025-06-02 12:07:57.674369,elastic-workbench-qr-detector,elastic-workbench-qr-detector-1,28,{'quality': 600},2,0
2025-06-02 12:07:57.733533,elastic-workbench-cv-analyzer,elastic-workbench-cv-analyzer-1,78,"{'model_size': 3, 'quality': 256}",2,0
2025-06-02 12:07:58.738623,elastic-workbench-cv-analyzer,elastic-workbench-cv-analyzer-1,77,"{'model_size': 3, 'quality': 256}",2,0
2025-06-02 12:07:58.738802,elastic-workbench-qr-detector,elastic-workbench-qr-detector-1,29,{'quality': 600},2,0
2025-06-02 12:07:59.760291,elastic-workbench-qr-detector,elastic-workbench-qr-detector-1,28,{'quality': 600},2,0
2025-06-02 12:07:59.827032,elastic-workbench-cv-analyzer,elastic-workbench-cv-analyzer-1,83,"{'model_size': 3, 'quality': 256}",2,0
2025-06-02 12:08:00.776916,elastic-workbench-qr-detector,elastic-workbench-qr-detector-1,28,{'quality': 600},2,0
2025-06-02 12:08:00.832078,elastic-workbench-cv-analyzer,elastic-workbench-cv-analyzer-1,111,"{'model_size': 3, 'quality': 256}",2,0
2025-06-02 12:08:01.852656,elastic-workbench-qr-detector,elastic-workbench-qr-detector-1,29,{'quality': 600},2,0
2025-06-02 12:08:01.926003,elastic-workbench-cv-analyzer,elastic-workbench-cv-analyzer-1,84,"{'model_size': 3, 'quality': 256}",2,0
2025-06-02 12:08:02.867608,elastic-workbench-qr-detector,elastic-workbench-qr-detector-1,28,{'quality': 600},2,0
2025-06-02 12:08:02.929468,elastic-workbench-cv-analyzer,elastic-workbench-cv-analyzer-1,83,"{'model_size': 3, 'quality': 256}",2,0
2025-06-02 12:08:03.931605,elastic-workbench-cv-analyzer,elastic-workbench-cv-analyzer-1,62,"{'model_size': 3, 'quality': 256}",2,0
2025-06-02 12:08:03.936644,elastic-workbench-qr-detector,elastic-workbench-qr-detector-1,28,{'quality': 600},2,0
2025-06-02 12:08:04.935275,elastic-workbench-cv-analyzer,elastic-workbench-cv-analyzer-1,71,"{'model_size': 3, 'quality': 256}",2,0
2025-06-02 12:08:04.955660,elastic-workbench-qr-detector,elastic-workbench-qr-detector-1,28,{'quality': 600},2,0
2025-06-02 12:08:05.979578,elastic-workbench-qr-detector,elastic-workbench-qr-detector-1,29,{'quality': 600},2,0
2025-06-02 12:08:06.040788,elastic-workbench-cv-analyzer,elastic-workbench-cv-analyzer-1,69,"{'model_size': 3, 'quality': 256}",2,0
2025-06-02 12:08:07.056953,elastic-workbench-qr-detector,elastic-workbench-qr-detector-1,29,{'quality': 600},2,0
2025-06-02 12:08:07.128999,elastic-workbench-cv-analyzer,elastic-workbench-cv-analyzer-1,63,"{'model_size': 3, 'quality': 256}",2,0
2025-06-02 12:08:08.071912,elastic-workbench-qr-detector,elastic-workbench-qr-detector-1,28,{'quality': 600},2,0
2025-06-02 12:08:08.139035,elastic-workbench-cv-analyzer,elastic-workbench-cv-analyzer-1,91,"{'model_size': 3, 'quality': 256}",2,0
2025-06-02 12:08:09.140319,elastic-workbench-qr-detector,elastic-workbench-qr-detector-1,30,{'quality': 600},2,0
2025-06-02 12:08:09.233596,elastic-workbench-cv-analyzer,elastic-workbench-cv-analyzer-1,67,"{'model_size': 3, 'quality': 256}",2,0
2025-06-02 12:08:10.156850,elastic-workbench-qr-detector,elastic-workbench-qr-detector-1,29,{'quality': 600},2,0
2025-06-02 12:08:10.234005,elastic-workbench-cv-analyzer,elastic-workbench-cv-analyzer-1,66,"{'model_size': 3, 'quality': 256}",2,0
2025-06-02 12:08:11.178168,elastic-workbench-qr-detector,elastic-workbench-qr-detector-1,28,{'quality': 600},2,0
2025-06-02 12:08:11.327371,elastic-workbench-cv-analyzer,elastic-workbench-cv-analyzer-1,68,"{'model_size': 3, 'quality': 256}",2,0
2025-06-02 12:08:12.254874,elastic-workbench-qr-detector,elastic-workbench-qr-detector-1,28,{'quality': 600},2,0
2025-06-02 12:08:12.329375,elastic-workbench-cv-analyzer,elastic-workbench-cv-analyzer-1,62,"{'model_size': 3, 'quality': 256}",2,0
2025-06-02 12:08:13.282133,elastic-workbench-qr-detector,elastic-workbench-qr-detector-1,28,{'quality': 600},2,0
2025-06-02 12:08:13.331210,elastic-workbench-cv-analyzer,elastic-workbench-cv-analyzer-1,91,"{'model_size': 3, 'quality': 256}",2,0
2025-06-02 12:08:14.334648,elastic-workbench-cv-analyzer,elastic-workbench-cv-analyzer-1,66,"{'model_size': 3, 'quality': 256}",2,0
2025-06-02 12:08:14.341982,elastic-workbench-qr-detector,elastic-workbench-qr-detector-1,28,{'quality': 600},2,0
2025-06-02 12:08:15.335535,elastic-workbench-cv-analyzer,elastic-workbench-cv-analyzer-1,66,"{'model_size': 3, 'quality': 256}",2,0
2025-06-02 12:08:15.366377,elastic-workbench-qr-detector,elastic-workbench-qr-detector-1,29,{'quality': 600},2,0
2025-06-02 12:08:16.438988,elastic-workbench-qr-detector,elastic-workbench-qr-detector-1,28,{'quality': 600},2,0
2025-06-02 12:08:16.526748,elastic-workbench-cv-analyzer,elastic-workbench-cv-analyzer-1,79,"{'model_size': 3, 'quality': 256}",2,0
2025-06-02 12:08:17.468307,elastic-workbench-qr-detector,elastic-workbench-qr-detector-1,27,{'quality': 600},2,0
2025-06-02 12:08:17.535884,elastic-workbench-cv-analyzer,elastic-workbench-cv-analyzer-1,67,"{'model_size': 3, 'quality': 256}",2,0
2025-06-02 12:08:18.539663,elastic-workbench-cv-analyzer,elastic-workbench-cv-analyzer-1,91,"{'model_size': 3, 'quality': 256}",2,0
2025-06-02 12:08:18.540969,elastic-workbench-qr-detector,elastic-workbench-qr-detector-1,28,{'quality': 600},2,0
2025-06-02 12:08:19.560814,elastic-workbench-qr-detector,elastic-workbench-qr-detector-1,28,{'quality': 600},2,0
2025-06-02 12:08:19.640605,elastic-workbench-cv-analyzer,elastic-workbench-cv-analyzer-1,91,"{'model_size': 3, 'quality': 256}",2,0
2025-06-02 12:08:20.575616,elastic-workbench-qr-detector,elastic-workbench-qr-detector-1,29,{'quality': 600},2,0
2025-06-02 12:08:20.731543,elastic-workbench-cv-analyzer,elastic-workbench-cv-analyzer-1,83,"{'model_size': 3, 'quality': 256}",2,0
2025-06-02 12:08:21.638737,elastic-workbench-qr-detector,elastic-workbench-qr-detector-1,28,{'quality': 600},2,0
2025-06-02 12:08:21.828523,elastic-workbench-cv-analyzer,elastic-workbench-cv-analyzer-1,91,"{'model_size': 3, 'quality': 256}",2,0
2025-06-02 12:08:22.663726,elastic-workbench-qr-detector,elastic-workbench-qr-detector-1,27,{'quality': 600},2,0
2025-06-02 12:08:22.841173,elastic-workbench-cv-analyzer,elastic-workbench-cv-analyzer-1,67,"{'model_size': 3, 'quality': 256}",2,0
2025-06-02 12:08:23.728991,elastic-workbench-qr-detector,elastic-workbench-qr-detector-1,27,{'quality': 600},2,0
2025-06-02 12:08:24.025272,elastic-workbench-cv-analyzer,elastic-workbench-cv-analyzer-1,78,"{'model_size': 3, 'quality': 256}",2,0
2025-06-02 12:08:24.748660,elastic-workbench-qr-detector,elastic-workbench-qr-detector-1,28,{'quality': 600},2,0
2025-06-02 12:08:25.032350,elastic-workbench-cv-analyzer,elastic-workbench-cv-analyzer-1,59,"{'model_size': 3, 'quality': 256}",2,0
2025-06-02 12:08:25.766593,elastic-workbench-qr-detector,elastic-workbench-qr-detector-1,28,{'quality': 600},2,0
2025-06-02 12:08:26.133472,elastic-workbench-cv-analyzer,elastic-workbench-cv-analyzer-1,91,"{'model_size': 3, 'quality': 256}",2,0
2025-06-02 12:08:26.825108,elastic-workbench-qr-detector,elastic-workbench-qr-detector-1,28,{'quality': 600},2,0
2025-06-02 12:08:27.136967,elastic-workbench-cv-analyzer,elastic-workbench-cv-analyzer-1,125,"{'model_size': 3, 'quality': 256}",2,0
2025-06-02 12:08:27.857652,elastic-workbench-qr-detector,elastic-workbench-qr-detector-1,29,{'quality': 600},2,0
2025-06-02 12:08:28.225582,elastic-workbench-cv-analyzer,elastic-workbench-cv-analyzer-1,98,"{'model_size': 3, 'quality': 256}",2,0
2025-06-02 12:08:28.875609,elastic-workbench-qr-detector,elastic-workbench-qr-detector-1,28,{'quality': 600},2,0
2025-06-02 12:08:29.326594,elastic-workbench-cv-analyzer,elastic-workbench-cv-analyzer-1,122,"{'model_size': 3, 'quality': 256}",2,0
2025-06-02 12:08:29.936026,elastic-workbench-qr-detector,elastic-workbench-qr-detector-1,29,{'quality': 600},2,0
2025-06-02 12:08:30.330689,elastic-workbench-cv-analyzer,elastic-workbench-cv-analyzer-1,71,"{'model_size': 3, 'quality': 256}",2,0
2025-06-02 12:08:30.957779,elastic-workbench-qr-detector,elastic-workbench-qr-detector-1,28,{'quality': 600},2,0
2025-06-02 12:08:31.336234,elastic-workbench-cv-analyzer,elastic-workbench-cv-analyzer-1,111,"{'model_size': 3, 'quality': 256}",2,0
2025-06-02 12:08:31.971440,elastic-workbench-qr-detector,elastic-workbench-qr-detector-1,29,{'quality': 600},2,0
2025-06-02 12:08:32.427634,elastic-workbench-cv-analyzer,elastic-workbench-cv-analyzer-1,90,"{'model_size': 3, 'quality': 256}",2,0
2025-06-02 12:08:32.986708,elastic-workbench-qr-detector,elastic-workbench-qr-detector-1,30,{'quality': 600},2,0
2025-06-02 12:08:33.429285,elastic-workbench-cv-analyzer,elastic-workbench-cv-analyzer-1,71,"{'model_size': 3, 'quality': 256}",2,0
2025-06-02 12:08:34.042560,elastic-workbench-qr-detector,elastic-workbench-qr-detector-1,29,{'quality': 600},2,0
2025-06-02 12:08:34.434445,elastic-workbench-cv-analyzer,elastic-workbench-cv-analyzer-1,83,"{'model_size': 3, 'quality': 256}",2,0
2025-06-02 12:08:35.057691,elastic-workbench-qr-detector,elastic-workbench-qr-detector-1,29,{'quality': 600},2,0
2025-06-02 12:08:35.528490,elastic-workbench-cv-analyzer,elastic-workbench-cv-analyzer-1,99,"{'model_size': 3, 'quality': 256}",2,0
2025-06-02 12:08:36.082047,elastic-workbench-qr-detector,elastic-workbench-qr-detector-1,28,{'quality': 600},2,0
2025-06-02 12:08:36.536972,elastic-workbench-cv-analyzer,elastic-workbench-cv-analyzer-1,91,"{'model_size': 3, 'quality': 256}",2,0
2025-06-02 12:08:37.139351,elastic-workbench-qr-detector,elastic-workbench-qr-detector-1,29,{'quality': 600},2,0
2025-06-02 12:08:37.632715,elastic-workbench-cv-analyzer,elastic-workbench-cv-analyzer-1,84,"{'model_size': 3, 'quality': 256}",2,0
2025-06-02 12:08:38.160286,elastic-workbench-qr-detector,elastic-workbench-qr-detector-1,29,{'quality': 600},2,0
2025-06-02 12:08:38.641773,elastic-workbench-cv-analyzer,elastic-workbench-cv-analyzer-1,100,"{'model_size': 3, 'quality': 256}",2,0
2025-06-02 12:08:39.175048,elastic-workbench-qr-detector,elastic-workbench-qr-detector-1,28,{'quality': 600},2,0
2025-06-02 12:08:39.726412,elastic-workbench-cv-analyzer,elastic-workbench-cv-analyzer-1,83,"{'model_size': 3, 'quality': 256}",2,0
2025-06-02 12:08:40.244990,elastic-workbench-qr-detector,elastic-workbench-qr-detector-1,29,{'quality': 600},2,0
2025-06-02 12:08:40.735964,elastic-workbench-cv-analyzer,elastic-workbench-cv-analyzer-1,100,"{'model_size': 3, 'quality': 256}",2,0
2025-06-02 12:08:41.265683,elastic-workbench-qr-detector,elastic-workbench-qr-detector-1,28,{'quality': 600},2,0
2025-06-02 12:08:41.739580,elastic-workbench-cv-analyzer,elastic-workbench-cv-analyzer-1,100,"{'model_size': 3, 'quality': 256}",2,0
2025-06-02 12:08:42.285957,elastic-workbench-qr-detector,elastic-workbench-qr-detector-1,29,{'quality': 600},2,0
2025-06-02 12:08:42.831256,elastic-workbench-cv-analyzer,elastic-workbench-cv-analyzer-1,83,"{'model_size': 3, 'quality': 256}",2,0
2025-06-02 12:08:43.349617,elastic-workbench-qr-detector,elastic-workbench-qr-detector-1,29,{'quality': 600},2,0
2025-06-02 12:08:43.836025,elastic-workbench-cv-analyzer,elastic-workbench-cv-analyzer-1,71,"{'model_size': 3, 'quality': 256}",2,0
2025-06-02 12:08:44.371704,elastic-workbench-qr-detector,elastic-workbench-qr-detector-1,28,{'quality': 600},2,0
2025-06-02 12:08:44.935750,elastic-workbench-cv-analyzer,elastic-workbench-cv-analyzer-1,73,"{'model_size': 3, 'quality': 256}",2,0
2025-06-02 12:08:45.431972,elastic-workbench-qr-detector,elastic-workbench-qr-detector-1,30,{'quality': 600},2,0
2025-06-02 12:08:46.036382,elastic-workbench-cv-analyzer,elastic-workbench-cv-analyzer-1,78,"{'model_size': 3, 'quality': 256}",2,0
2025-06-02 12:08:46.459172,elastic-workbench-qr-detector,elastic-workbench-qr-detector-1,28,{'quality': 600},2,0
2025-06-02 12:08:47.133957,elastic-workbench-cv-analyzer,elastic-workbench-cv-analyzer-1,99,"{'model_size': 3, 'quality': 256}",2,0
2025-06-02 12:08:47.473338,elastic-workbench-qr-detector,elastic-workbench-qr-detector-1,28,{'quality': 600},2,0
2025-06-02 12:08:48.137617,elastic-workbench-cv-analyzer,elastic-workbench-cv-analyzer-1,71,"{'model_size': 3, 'quality': 256}",2,0
2025-06-02 12:08:48.549616,elastic-workbench-qr-detector,elastic-workbench-qr-detector-1,29,{'quality': 600},2,0
2025-06-02 12:08:49.232022,elastic-workbench-cv-analyzer,elastic-workbench-cv-analyzer-1,111,"{'model_size': 3, 'quality': 256}",2,0
2025-06-02 12:08:49.579505,elastic-workbench-qr-detector,elastic-workbench-qr-detector-1,27,{'quality': 600},2,0
2025-06-02 12:08:50.236099,elastic-workbench-cv-analyzer,elastic-workbench-cv-analyzer-1,77,"{'model_size': 3, 'quality': 256}",2,0
2025-06-02 12:08:50.650537,elastic-workbench-qr-detector,elastic-workbench-qr-detector-1,28,{'quality': 600},2,0
2025-06-02 12:08:51.327600,elastic-workbench-cv-analyzer,elastic-workbench-cv-analyzer-1,83,"{'model_size': 3, 'quality': 256}",2,0
2025-06-02 12:08:51.671181,elastic-workbench-qr-detector,elastic-workbench-qr-detector-1,28,{'quality': 600},2,0
2025-06-02 12:08:52.336640,elastic-workbench-cv-analyzer,elastic-workbench-cv-analyzer-1,112,"{'model_size': 3, 'quality': 256}",2,0
2025-06-02 12:08:52.737166,elastic-workbench-qr-detector,elastic-workbench-qr-detector-1,28,{'quality': 600},2,0
2025-06-02 12:08:53.434161,elastic-workbench-cv-analyzer,elastic-workbench-cv-analyzer-1,121,"{'model_size': 3, 'quality': 256}",2,0
2025-06-02 12:08:53.761094,elastic-workbench-qr-detector,elastic-workbench-qr-detector-1,33,{'quality': 600},2,0
2025-06-02 12:08:54.530608,elastic-workbench-cv-analyzer,elastic-workbench-cv-analyzer-1,121,"{'model_size': 3, 'quality': 256}",2,0
2025-06-02 12:08:54.779323,elastic-workbench-qr-detector,elastic-workbench-qr-detector-1,30,{'quality': 600},2,0
2025-06-02 12:08:55.536918,elastic-workbench-cv-analyzer,elastic-workbench-cv-analyzer-1,71,"{'model_size': 3, 'quality': 256}",2,0
2025-06-02 12:08:55.867074,elastic-workbench-qr-detector,elastic-workbench-qr-detector-1,31,{'quality': 600},2,0
2025-06-02 12:08:56.636072,elastic-workbench-cv-analyzer,elastic-workbench-cv-analyzer-1,109,"{'model_size': 3, 'quality': 256}",2,0
2025-06-02 12:08:56.947088,elastic-workbench-qr-detector,elastic-workbench-qr-detector-1,35,{'quality': 600},2,0
2025-06-02 12:08:57.643420,elastic-workbench-cv-analyzer,elastic-workbench-cv-analyzer-1,111,"{'model_size': 3, 'quality': 256}",2,0
2025-06-02 12:08:57.965578,elastic-workbench-qr-detector,elastic-workbench-qr-detector-1,34,{'quality': 600},2,0
2025-06-02 12:08:58.727382,elastic-workbench-cv-analyzer,elastic-workbench-cv-analyzer-1,98,"{'model_size': 3, 'quality': 256}",2,0
2025-06-02 12:08:59.039709,elastic-workbench-qr-detector,elastic-workbench-qr-detector-1,30,{'quality': 600},2,0
2025-06-02 12:08:59.727839,elastic-workbench-cv-analyzer,elastic-workbench-cv-analyzer-1,71,"{'model_size': 3, 'quality': 256}",2,0
2025-06-02 12:09:00.056905,elastic-workbench-qr-detector,elastic-workbench-qr-detector-1,31,{'quality': 600},2,0
2025-06-02 12:09:00.728365,elastic-workbench-cv-analyzer,elastic-workbench-cv-analyzer-1,83,"{'model_size': 3, 'quality': 256}",2,0
2025-06-02 12:09:01.075591,elastic-workbench-qr-detector,elastic-workbench-qr-detector-1,29,{'quality': 600},2,0
2025-06-02 12:09:01.737322,elastic-workbench-cv-analyzer,elastic-workbench-cv-analyzer-1,84,"{'model_size': 3, 'quality': 256}",2,0
2025-06-02 12:09:02.139112,elastic-workbench-qr-detector,elastic-workbench-qr-detector-1,30,{'quality': 600},2,0
2025-06-02 12:09:02.739463,elastic-workbench-cv-analyzer,elastic-workbench-cv-analyzer-1,100,"{'model_size': 3, 'quality': 256}",2,0
2025-06-02 12:09:03.155361,elastic-workbench-qr-detector,elastic-workbench-qr-detector-1,31,{'quality': 600},2,0
2025-06-02 12:09:03.830116,elastic-workbench-cv-analyzer,elastic-workbench-cv-analyzer-1,99,"{'model_size': 3, 'quality': 256}",2,0
2025-06-02 12:09:04.171056,elastic-workbench-qr-detector,elastic-workbench-qr-detector-1,32,{'quality': 600},2,0
2025-06-02 12:09:04.931493,elastic-workbench-cv-analyzer,elastic-workbench-cv-analyzer-1,68,"{'model_size': 3, 'quality': 256}",2,0
2025-06-02 12:09:05.224211,elastic-workbench-qr-detector,elastic-workbench-qr-detector-1,29,{'quality': 600},2,0
2025-06-02 12:09:05.932914,elastic-workbench-cv-analyzer,elastic-workbench-cv-analyzer-1,76,"{'model_size': 3, 'quality': 256}",2,0
2025-06-02 12:09:06.248610,elastic-workbench-qr-detector,elastic-workbench-qr-detector-1,28,{'quality': 600},2,0
2025-06-02 12:09:07.027281,elastic-workbench-cv-analyzer,elastic-workbench-cv-analyzer-1,84,"{'model_size': 3, 'quality': 256}",2,0
2025-06-02 12:09:07.270927,elastic-workbench-qr-detector,elastic-workbench-qr-detector-1,28,{'quality': 600},2,0
2025-06-02 12:09:08.030588,elastic-workbench-cv-analyzer,elastic-workbench-cv-analyzer-1,111,"{'model_size': 3, 'quality': 256}",2,0
2025-06-02 12:09:08.299078,elastic-workbench-qr-detector,elastic-workbench-qr-detector-1,36,{'quality': 600},2,0
2025-06-02 12:09:09.130321,elastic-workbench-cv-analyzer,elastic-workbench-cv-analyzer-1,83,"{'model_size': 3, 'quality': 256}",2,0
2025-06-02 12:09:09.345769,elastic-workbench-qr-detector,elastic-workbench-qr-detector-1,29,{'quality': 600},2,0
2025-06-02 12:09:10.226380,elastic-workbench-cv-analyzer,elastic-workbench-cv-analyzer-1,109,"{'model_size': 3, 'quality': 256}",2,0
2025-06-02 12:09:10.364559,elastic-workbench-qr-detector,elastic-workbench-qr-detector-1,30,{'quality': 600},2,0
2025-06-02 12:09:11.234709,elastic-workbench-cv-analyzer,elastic-workbench-cv-analyzer-1,77,"{'model_size': 3, 'quality': 256}",2,0
2025-06-02 12:09:11.422449,elastic-workbench-qr-detector,elastic-workbench-qr-detector-1,29,{'quality': 600},2,0
2025-06-02 12:09:12.336427,elastic-workbench-cv-analyzer,elastic-workbench-cv-analyzer-1,91,"{'model_size': 3, 'quality': 256}",2,0
2025-06-02 12:09:12.464216,elastic-workbench-qr-detector,elastic-workbench-qr-detector-1,28,{'quality': 600},2,0
2025-06-02 12:09:13.432788,elastic-workbench-cv-analyzer,elastic-workbench-cv-analyzer-1,99,"{'model_size': 3, 'quality': 256}",2,0
2025-06-02 12:09:13.483991,elastic-workbench-qr-detector,elastic-workbench-qr-detector-1,30,{'quality': 600},2,0
2025-06-02 12:09:14.527326,elastic-workbench-cv-analyzer,elastic-workbench-cv-analyzer-1,84,"{'model_size': 3, 'quality': 256}",2,0
2025-06-02 12:09:14.542599,elastic-workbench-qr-detector,elastic-workbench-qr-detector-1,30,{'quality': 600},2,0
2025-06-02 12:09:15.529302,elastic-workbench-cv-analyzer,elastic-workbench-cv-analyzer-1,100,"{'model_size': 3, 'quality': 256}",2,0
2025-06-02 12:09:15.561336,elastic-workbench-qr-detector,elastic-workbench-qr-detector-1,28,{'quality': 600},2,0
2025-06-02 12:09:16.540716,elastic-workbench-cv-analyzer,elastic-workbench-cv-analyzer-1,83,"{'model_size': 3, 'quality': 256}",2,0
2025-06-02 12:09:16.581906,elastic-workbench-qr-detector,elastic-workbench-qr-detector-1,29,{'quality': 600},2,0
2025-06-02 12:09:17.636713,elastic-workbench-cv-analyzer,elastic-workbench-cv-analyzer-1,84,"{'model_size': 3, 'quality': 256}",2,0
2025-06-02 12:09:17.648731,elastic-workbench-qr-detector,elastic-workbench-qr-detector-1,31,{'quality': 600},2,0
2025-06-02 12:09:18.673112,elastic-workbench-qr-detector,elastic-workbench-qr-detector-1,29,{'quality': 600},2,0
2025-06-02 12:09:18.736886,elastic-workbench-cv-analyzer,elastic-workbench-cv-analyzer-1,84,"{'model_size': 3, 'quality': 256}",2,0
2025-06-02 12:09:19.743584,elastic-workbench-qr-detector,elastic-workbench-qr-detector-1,28,{'quality': 600},2,0
2025-06-02 12:09:19.831736,elastic-workbench-cv-analyzer,elastic-workbench-cv-analyzer-1,99,"{'model_size': 3, 'quality': 256}",2,0
2025-06-02 12:09:20.762714,elastic-workbench-qr-detector,elastic-workbench-qr-detector-1,27,{'quality': 600},2,0
2025-06-02 12:09:20.834317,elastic-workbench-cv-analyzer,elastic-workbench-cv-analyzer-1,100,"{'model_size': 3, 'quality': 256}",2,0
2025-06-02 12:09:21.836030,elastic-workbench-qr-detector,elastic-workbench-qr-detector-1,27,{'quality': 600},2,0
2025-06-02 12:09:21.836172,elastic-workbench-cv-analyzer,elastic-workbench-cv-analyzer-1,77,"{'model_size': 3, 'quality': 256}",2,0
2025-06-02 12:09:22.860074,elastic-workbench-qr-detector,elastic-workbench-qr-detector-1,28,{'quality': 600},2,0
2025-06-02 12:09:22.933377,elastic-workbench-cv-analyzer,elastic-workbench-cv-analyzer-1,78,"{'model_size': 3, 'quality': 256}",2,0
2025-06-02 12:09:23.879914,elastic-workbench-qr-detector,elastic-workbench-qr-detector-1,28,{'quality': 600},2,0
2025-06-02 12:09:24.029429,elastic-workbench-cv-analyzer,elastic-workbench-cv-analyzer-1,109,"{'model_size': 3, 'quality': 256}",2,0
2025-06-02 12:09:24.938578,elastic-workbench-qr-detector,elastic-workbench-qr-detector-1,28,{'quality': 600},2,0
2025-06-02 12:09:25.034508,elastic-workbench-cv-analyzer,elastic-workbench-cv-analyzer-1,76,"{'model_size': 3, 'quality': 256}",2,0
2025-06-02 12:09:25.957426,elastic-workbench-qr-detector,elastic-workbench-qr-detector-1,28,{'quality': 600},2,0
2025-06-02 12:09:26.040891,elastic-workbench-cv-analyzer,elastic-workbench-cv-analyzer-1,100,"{'model_size': 3, 'quality': 256}",2,0
2025-06-02 12:09:26.975138,elastic-workbench-qr-detector,elastic-workbench-qr-detector-1,30,{'quality': 600},2,0
2025-06-02 12:09:27.129583,elastic-workbench-cv-analyzer,elastic-workbench-cv-analyzer-1,120,"{'model_size': 3, 'quality': 256}",2,0
2025-06-02 12:09:28.031353,elastic-workbench-qr-detector,elastic-workbench-qr-detector-1,33,{'quality': 600},2,0
2025-06-02 12:09:28.232201,elastic-workbench-cv-analyzer,elastic-workbench-cv-analyzer-1,91,"{'model_size': 3, 'quality': 256}",2,0
2025-06-02 12:09:29.058057,elastic-workbench-qr-detector,elastic-workbench-qr-detector-1,31,{'quality': 600},2,0
2025-06-02 12:09:29.328610,elastic-workbench-cv-analyzer,elastic-workbench-cv-analyzer-1,77,"{'model_size': 3, 'quality': 256}",2,0
2025-06-02 12:09:30.105886,elastic-workbench-qr-detector,elastic-workbench-qr-detector-1,32,{'quality': 600},2,0
2025-06-02 12:09:30.427980,elastic-workbench-cv-analyzer,elastic-workbench-cv-analyzer-1,99,"{'model_size': 3, 'quality': 256}",2,0
2025-06-02 12:09:31.144461,elastic-workbench-qr-detector,elastic-workbench-qr-detector-1,35,{'quality': 600},2,0
2025-06-02 12:09:31.429250,elastic-workbench-cv-analyzer,elastic-workbench-cv-analyzer-1,76,"{'model_size': 3, 'quality': 256}",2,0
2025-06-02 12:09:32.172942,elastic-workbench-qr-detector,elastic-workbench-qr-detector-1,30,{'quality': 600},2,0
2025-06-02 12:09:32.442112,elastic-workbench-cv-analyzer,elastic-workbench-cv-analyzer-1,112,"{'model_size': 3, 'quality': 256}",2,0
2025-06-02 12:09:33.243059,elastic-workbench-qr-detector,elastic-workbench-qr-detector-1,37,{'quality': 600},2,0
2025-06-02 12:09:33.531477,elastic-workbench-cv-analyzer,elastic-workbench-cv-analyzer-1,83,"{'model_size': 3, 'quality': 256}",2,0
2025-06-02 12:09:34.257973,elastic-workbench-qr-detector,elastic-workbench-qr-detector-1,32,{'quality': 600},2,0
2025-06-02 12:09:34.627863,elastic-workbench-cv-analyzer,elastic-workbench-cv-analyzer-1,108,"{'model_size': 3, 'quality': 256}",2,0
2025-06-02 12:09:35.319968,elastic-workbench-qr-detector,elastic-workbench-qr-detector-1,26,{'quality': 600},2,0
2025-06-02 12:09:35.634077,elastic-workbench-cv-analyzer,elastic-workbench-cv-analyzer-1,71,"{'model_size': 3, 'quality': 256}",2,0
2025-06-02 12:09:36.343313,elastic-workbench-qr-detector,elastic-workbench-qr-detector-1,28,{'quality': 600},2,0
2025-06-02 12:09:36.635002,elastic-workbench-cv-analyzer,elastic-workbench-cv-analyzer-1,71,"{'model_size': 3, 'quality': 256}",2,0
2025-06-02 12:09:37.364707,elastic-workbench-qr-detector,elastic-workbench-qr-detector-1,28,{'quality': 600},2,0
2025-06-02 12:09:37.727514,elastic-workbench-cv-analyzer,elastic-workbench-cv-analyzer-1,72,"{'model_size': 3, 'quality': 256}",2,0
2025-06-02 12:09:38.424044,elastic-workbench-qr-detector,elastic-workbench-qr-detector-1,29,{'quality': 600},2,0
2025-06-02 12:09:38.739349,elastic-workbench-cv-analyzer,elastic-workbench-cv-analyzer-1,77,"{'model_size': 3, 'quality': 256}",2,0
2025-06-02 12:09:39.448759,elastic-workbench-qr-detector,elastic-workbench-qr-detector-1,28,{'quality': 600},2,0
2025-06-02 12:09:39.837134,elastic-workbench-cv-analyzer,elastic-workbench-cv-analyzer-1,91,"{'model_size': 3, 'quality': 256}",2,0
2025-06-02 12:09:40.479014,elastic-workbench-qr-detector,elastic-workbench-qr-detector-1,27,{'quality': 600},2,0
2025-06-02 12:09:40.928613,elastic-workbench-cv-analyzer,elastic-workbench-cv-analyzer-1,109,"{'model_size': 3, 'quality': 256}",2,0
2025-06-02 12:09:41.544433,elastic-workbench-qr-detector,elastic-workbench-qr-detector-1,29,{'quality': 600},2,0
2025-06-02 12:09:41.929180,elastic-workbench-cv-analyzer,elastic-workbench-cv-analyzer-1,99,"{'model_size': 3, 'quality': 256}",2,0
2025-06-02 12:09:42.563854,elastic-workbench-qr-detector,elastic-workbench-qr-detector-1,28,{'quality': 600},2,0
2025-06-02 12:09:42.932477,elastic-workbench-cv-analyzer,elastic-workbench-cv-analyzer-1,71,"{'model_size': 3, 'quality': 256}",2,0
2025-06-02 12:09:43.584448,elastic-workbench-qr-detector,elastic-workbench-qr-detector-1,28,{'quality': 600},2,0
2025-06-02 12:09:43.939199,elastic-workbench-cv-analyzer,elastic-workbench-cv-analyzer-1,83,"{'model_size': 3, 'quality': 256}",2,0
2025-06-02 12:09:44.648522,elastic-workbench-qr-detector,elastic-workbench-qr-detector-1,29,{'quality': 600},2,0
2025-06-02 12:09:45.027697,elastic-workbench-cv-analyzer,elastic-workbench-cv-analyzer-1,98,"{'model_size': 3, 'quality': 256}",2,0
2025-06-02 12:09:45.662220,elastic-workbench-qr-detector,elastic-workbench-qr-detector-1,28,{'quality': 600},2,0
2025-06-02 12:09:46.131500,elastic-workbench-cv-analyzer,elastic-workbench-cv-analyzer-1,110,"{'model_size': 3, 'quality': 256}",2,0
2025-06-02 12:09:46.722763,elastic-workbench-qr-detector,elastic-workbench-qr-detector-1,28,{'quality': 600},2,0
2025-06-02 12:09:47.140262,elastic-workbench-cv-analyzer,elastic-workbench-cv-analyzer-1,67,"{'model_size': 3, 'quality': 256}",2,0
2025-06-02 12:09:47.755720,elastic-workbench-qr-detector,elastic-workbench-qr-detector-1,28,{'quality': 600},2,0
2025-06-02 12:09:48.227441,elastic-workbench-cv-analyzer,elastic-workbench-cv-analyzer-1,63,"{'model_size': 3, 'quality': 256}",2,0
2025-06-02 12:09:48.786927,elastic-workbench-qr-detector,elastic-workbench-qr-detector-1,28,{'quality': 600},2,0
2025-06-02 12:09:49.228400,elastic-workbench-cv-analyzer,elastic-workbench-cv-analyzer-1,66,"{'model_size': 3, 'quality': 256}",2,0
2025-06-02 12:09:49.843954,elastic-workbench-qr-detector,elastic-workbench-qr-detector-1,30,{'quality': 600},2,0
2025-06-02 12:09:50.234891,elastic-workbench-cv-analyzer,elastic-workbench-cv-analyzer-1,71,"{'model_size': 3, 'quality': 256}",2,0
2025-06-02 12:09:50.859256,elastic-workbench-qr-detector,elastic-workbench-qr-detector-1,29,{'quality': 600},2,0
2025-06-02 12:09:51.235621,elastic-workbench-cv-analyzer,elastic-workbench-cv-analyzer-1,90,"{'model_size': 3, 'quality': 256}",2,0
2025-06-02 12:09:51.879343,elastic-workbench-qr-detector,elastic-workbench-qr-detector-1,29,{'quality': 600},2,0
2025-06-02 12:09:52.328553,elastic-workbench-cv-analyzer,elastic-workbench-cv-analyzer-1,83,"{'model_size': 3, 'quality': 256}",2,0
2025-06-02 12:09:52.937129,elastic-workbench-qr-detector,elastic-workbench-qr-detector-1,27,{'quality': 600},2,0
2025-06-02 12:09:53.331645,elastic-workbench-cv-analyzer,elastic-workbench-cv-analyzer-1,71,"{'model_size': 3, 'quality': 256}",2,0
2025-06-02 12:09:53.956524,elastic-workbench-qr-detector,elastic-workbench-qr-detector-1,28,{'quality': 600},2,0
2025-06-02 12:09:54.343993,elastic-workbench-cv-analyzer,elastic-workbench-cv-analyzer-1,111,"{'model_size': 3, 'quality': 256}",2,0
2025-06-02 12:09:54.972701,elastic-workbench-qr-detector,elastic-workbench-qr-detector-1,28,{'quality': 600},2,0
2025-06-02 12:09:55.430122,elastic-workbench-cv-analyzer,elastic-workbench-cv-analyzer-1,77,"{'model_size': 3, 'quality': 256}",2,0
2025-06-02 12:09:56.043276,elastic-workbench-qr-detector,elastic-workbench-qr-detector-1,29,{'quality': 600},2,0
2025-06-02 12:09:56.435285,elastic-workbench-cv-analyzer,elastic-workbench-cv-analyzer-1,62,"{'model_size': 3, 'quality': 256}",2,0
2025-06-02 12:09:57.064206,elastic-workbench-qr-detector,elastic-workbench-qr-detector-1,28,{'quality': 600},2,0
2025-06-02 12:09:57.542682,elastic-workbench-cv-analyzer,elastic-workbench-cv-analyzer-1,73,"{'model_size': 3, 'quality': 256}",2,0
2025-06-02 12:09:58.121258,elastic-workbench-qr-detector,elastic-workbench-qr-detector-1,27,{'quality': 600},2,0
2025-06-02 12:09:58.638054,elastic-workbench-cv-analyzer,elastic-workbench-cv-analyzer-1,67,"{'model_size': 3, 'quality': 256}",2,0
2025-06-02 12:09:59.146077,elastic-workbench-qr-detector,elastic-workbench-qr-detector-1,28,{'quality': 600},2,0
2025-06-02 12:09:59.731048,elastic-workbench-cv-analyzer,elastic-workbench-cv-analyzer-1,78,"{'model_size': 3, 'quality': 256}",2,0
2025-06-02 12:10:00.168972,elastic-workbench-qr-detector,elastic-workbench-qr-detector-1,29,{'quality': 600},2,0
2025-06-02 12:10:00.939867,elastic-workbench-cv-analyzer,elastic-workbench-cv-analyzer-1,80,"{'model_size': 3, 'quality': 256}",2,0
2025-06-02 12:10:01.242744,elastic-workbench-qr-detector,elastic-workbench-qr-detector-1,30,{'quality': 600},2,0
