timestamp,next_state_qr,next_state_cv,action_qr,action_cv,reward,efe,info_gain,pragmatic_value,elapsed
2025-06-05T16:14:52.928231,"FullStateDQN(data_quality=800, data_quality_target=900, throughput=38, throughput_target=60, model_size=1, model_size_target=1, cores=2, free_cores=4, bounds={'data_quality': {'min': 100, 'max': 1000}, 'cores': {'min': 1, 'max': 8}})","FullStateDQN(data_quality=288, data_quality_target=288, throughput=0, throughput_target=5, model_size=3, model_size_target=3, cores=2, free_cores=4, bounds={'model_size': {'min': 1, 'max': 5}, 'data_quality': {'min': 128, 'max': 320}, 'cores': {'min': 1, 'max': 8}})",INC_DATA_QUALITY,INC_DATA_QUALITY,0.8261452546296297,-1.0270812960305822,4.27666690676223,-15.303748202792814,19.12519884109497
2025-06-05T16:15:12.432956,"FullStateDQN(data_quality=800, data_quality_target=900, throughput=54, throughput_target=60, model_size=1, model_size_target=1, cores=3, free_cores=3, bounds={'data_quality': {'min': 100, 'max': 1000}, 'cores': {'min': 1, 'max': 8}})","FullStateDQN(data_quality=288, data_quality_target=288, throughput=0, throughput_target=5, model_size=3, model_size_target=3, cores=3, free_cores=2, bounds={'model_size': {'min': 1, 'max': 5}, 'data_quality': {'min': 128, 'max': 320}, 'cores': {'min': 1, 'max': 8}})",INC_CORES,INC_CORES,0.9645156250000001,0.2670090824370419,4.969814087322176,-14.702805004885136,19.504724979400635
2025-06-05T16:15:31.809312,"FullStateDQN(data_quality=800, data_quality_target=900, throughput=62, throughput_target=60, model_size=1, model_size_target=1, cores=4, free_cores=1, bounds={'data_quality': {'min': 100, 'max': 1000}, 'cores': {'min': 1, 'max': 8}})","FullStateDQN(data_quality=288, data_quality_target=288, throughput=0, throughput_target=5, model_size=3, model_size_target=3, cores=4, free_cores=0, bounds={'model_size': {'min': 1, 'max': 5}, 'data_quality': {'min': 128, 'max': 320}, 'cores': {'min': 1, 'max': 8}})",INC_CORES,INC_CORES,0.978515625,-0.14799091756295724,4.969814087322176,-15.117805004885135,19.376356601715088
2025-06-05T16:15:51.623630,"FullStateDQN(data_quality=900, data_quality_target=900, throughput=46, throughput_target=60, model_size=1, model_size_target=1, cores=4, free_cores=0, bounds={'data_quality': {'min': 100, 'max': 1000}, 'cores': {'min': 1, 'max': 8}})","FullStateDQN(data_quality=288, data_quality_target=288, throughput=0, throughput_target=5, model_size=3, model_size_target=3, cores=4, free_cores=0, bounds={'model_size': {'min': 1, 'max': 5}, 'data_quality': {'min': 128, 'max': 320}, 'cores': {'min': 1, 'max': 8}})",INC_DATA_QUALITY,DILLY_DALLY,1.0310370370370372,-0.22439411170050505,5.137312670974074,-14.474132818177523,19.81431794166565
2025-06-05T16:16:10.755424,"FullStateDQN(data_quality=900, data_quality_target=900, throughput=48, throughput_target=60, model_size=1, model_size_target=1, cores=3, free_cores=1, bounds={'data_quality': {'min': 100, 'max': 1000}, 'cores': {'min': 1, 'max': 8}})","FullStateDQN(data_quality=288, data_quality_target=288, throughput=0, throughput_target=5, model_size=3, model_size_target=3, cores=4, free_cores=1, bounds={'model_size': {'min': 1, 'max': 5}, 'data_quality': {'min': 128, 'max': 320}, 'cores': {'min': 1, 'max': 8}})",DEC_CORES,DILLY_DALLY,1.048,-1.0320812960305865,4.27666690676223,-15.308748202792819,19.13179326057434
2025-06-05T16:16:29.901846,"FullStateDQN(data_quality=1000, data_quality_target=900, throughput=35, throughput_target=60, model_size=1, model_size_target=1, cores=3, free_cores=1, bounds={'data_quality': {'min': 100, 'max': 1000}, 'cores': {'min': 1, 'max': 8}})","FullStateDQN(data_quality=288, data_quality_target=288, throughput=0, throughput_target=5, model_size=3, model_size_target=3, cores=3, free_cores=2, bounds={'model_size': {'min': 1, 'max': 5}, 'data_quality': {'min': 128, 'max': 320}, 'cores': {'min': 1, 'max': 8}})",INC_DATA_QUALITY,DEC_CORES,0.8119212962962963,-4.369212880987348,3.5135221556497225,-17.275443369970382,19.146422386169434
2025-06-05T16:16:49.481872,"FullStateDQN(data_quality=1000, data_quality_target=900, throughput=32, throughput_target=60, model_size=1, model_size_target=1, cores=3, free_cores=2, bounds={'data_quality': {'min': 100, 'max': 1000}, 'cores': {'min': 1, 'max': 8}})","FullStateDQN(data_quality=256, data_quality_target=288, throughput=2, throughput_target=5, model_size=3, model_size_target=3, cores=3, free_cores=2, bounds={'model_size': {'min': 1, 'max': 5}, 'data_quality': {'min': 128, 'max': 320}, 'cores': {'min': 1, 'max': 8}})",DILLY_DALLY,DEC_DATA_QUALITY,1.5436743332253537,-2.9868747148649835,5.662961267882125,-18.649835982747103,19.580026388168335
2025-06-05T16:17:08.677471,"FullStateDQN(data_quality=1000, data_quality_target=900, throughput=32, throughput_target=60, model_size=1, model_size_target=1, cores=3, free_cores=2, bounds={'data_quality': {'min': 100, 'max': 1000}, 'cores': {'min': 1, 'max': 8}})","FullStateDQN(data_quality=256, data_quality_target=288, throughput=0, throughput_target=5, model_size=3, model_size_target=3, cores=2, free_cores=3, bounds={'model_size': {'min': 1, 'max': 5}, 'data_quality': {'min': 128, 'max': 320}, 'cores': {'min': 1, 'max': 8}})",INC_DATA_QUALITY,DEC_CORES,0.774962962962963,-5.099390350596819,4.0660011877059965,-17.49872487163614,19.195598125457764
2025-06-05T16:17:28.301630,"FullStateDQN(data_quality=1000, data_quality_target=900, throughput=44, throughput_target=60, model_size=1, model_size_target=1, cores=4, free_cores=2, bounds={'data_quality': {'min': 100, 'max': 1000}, 'cores': {'min': 1, 'max': 8}})","FullStateDQN(data_quality=256, data_quality_target=288, throughput=1, throughput_target=5, model_size=3, model_size_target=3, cores=3, free_cores=1, bounds={'model_size': {'min': 1, 'max': 5}, 'data_quality': {'min': 128, 'max': 320}, 'cores': {'min': 1, 'max': 8}})",INC_CORES,INC_CORES,1.457007666558687,-2.4132100356484134,5.491381841273131,-16.683424984112833,19.623027801513672
2025-06-05T16:17:47.398190,"FullStateDQN(data_quality=1000, data_quality_target=900, throughput=44, throughput_target=60, model_size=1, model_size_target=1, cores=4, free_cores=1, bounds={'data_quality': {'min': 100, 'max': 1000}, 'cores': {'min': 1, 'max': 8}})","FullStateDQN(data_quality=256, data_quality_target=288, throughput=0, throughput_target=5, model_size=3, model_size_target=3, cores=2, free_cores=2, bounds={'model_size': {'min': 1, 'max': 5}, 'data_quality': {'min': 128, 'max': 320}, 'cores': {'min': 1, 'max': 8}})",INC_DATA_QUALITY,DEC_CORES,0.9122962962962964,-5.444208667220343,3.3728540071460493,-17.15039600769971,19.09656023979187
2025-06-05T16:18:06.951463,"FullStateDQN(data_quality=1000, data_quality_target=900, throughput=45, throughput_target=60, model_size=1, model_size_target=1, cores=4, free_cores=2, bounds={'data_quality': {'min': 100, 'max': 1000}, 'cores': {'min': 1, 'max': 8}})","FullStateDQN(data_quality=256, data_quality_target=288, throughput=1, throughput_target=5, model_size=3, model_size_target=3, cores=3, free_cores=1, bounds={'model_size': {'min': 1, 'max': 5}, 'data_quality': {'min': 128, 'max': 320}, 'cores': {'min': 1, 'max': 8}})",DILLY_DALLY,INC_CORES,1.5665863702623908,-3.108419433705812,5.105453751631192,-16.040145763333673,19.55327343940735
2025-06-05T16:18:25.981541,"FullStateDQN(data_quality=1000, data_quality_target=900, throughput=45, throughput_target=60, model_size=1, model_size_target=1, cores=4, free_cores=1, bounds={'data_quality': {'min': 100, 'max': 1000}, 'cores': {'min': 1, 'max': 8}})","FullStateDQN(data_quality=256, data_quality_target=288, throughput=0, throughput_target=5, model_size=3, model_size_target=3, cores=2, free_cores=2, bounds={'model_size': {'min': 1, 'max': 5}, 'data_quality': {'min': 128, 'max': 320}, 'cores': {'min': 1, 'max': 8}})",INC_DATA_QUALITY,DEC_CORES,0.921875,-5.444208667220339,3.3728540071460493,-17.150396007699708,19.030077695846558
2025-06-05T16:18:45.570272,"FullStateDQN(data_quality=1000, data_quality_target=900, throughput=57, throughput_target=60, model_size=1, model_size_target=1, cores=5, free_cores=1, bounds={'data_quality': {'min': 100, 'max': 1000}, 'cores': {'min': 1, 'max': 8}})","FullStateDQN(data_quality=256, data_quality_target=288, throughput=0, throughput_target=5, model_size=3, model_size_target=3, cores=3, free_cores=0, bounds={'model_size': {'min': 1, 'max': 5}, 'data_quality': {'min': 128, 'max': 320}, 'cores': {'min': 1, 'max': 8}})",INC_CORES,INC_CORES,0.996375,-3.878390953612584,4.691014690010876,-15.622616001428959,19.588730573654175
2025-06-05T16:19:04.617075,"FullStateDQN(data_quality=1000, data_quality_target=900, throughput=55, throughput_target=60, model_size=1, model_size_target=1, cores=5, free_cores=0, bounds={'data_quality': {'min': 100, 'max': 1000}, 'cores': {'min': 1, 'max': 8}})","FullStateDQN(data_quality=256, data_quality_target=288, throughput=0, throughput_target=5, model_size=3, model_size_target=3, cores=2, free_cores=1, bounds={'model_size': {'min': 1, 'max': 5}, 'data_quality': {'min': 128, 'max': 320}, 'cores': {'min': 1, 'max': 8}})",INC_DATA_QUALITY,DEC_CORES,0.990162037037037,-2.5414497512024745,3.3728540071460493,-14.247637091681845,19.04680299758911
2025-06-05T16:19:24.199669,"FullStateDQN(data_quality=1000, data_quality_target=900, throughput=52, throughput_target=60, model_size=1, model_size_target=1, cores=5, free_cores=1, bounds={'data_quality': {'min': 100, 'max': 1000}, 'cores': {'min': 1, 'max': 8}})","FullStateDQN(data_quality=256, data_quality_target=288, throughput=0, throughput_target=5, model_size=3, model_size_target=3, cores=1, free_cores=2, bounds={'model_size': {'min': 1, 'max': 5}, 'data_quality': {'min': 128, 'max': 320}, 'cores': {'min': 1, 'max': 8}})",DILLY_DALLY,DEC_CORES,1.0757037037037038,-3.8064282938914342,4.566403611244172,-17.4753960076997,19.58259415626526
2025-06-05T16:19:43.470040,"FullStateDQN(data_quality=1000, data_quality_target=900, throughput=56, throughput_target=60, model_size=1, model_size_target=1, cores=5, free_cores=2, bounds={'data_quality': {'min': 100, 'max': 1000}, 'cores': {'min': 1, 'max': 8}})","FullStateDQN(data_quality=256, data_quality_target=288, throughput=0, throughput_target=5, model_size=3, model_size_target=3, cores=2, free_cores=1, bounds={'model_size': {'min': 1, 'max': 5}, 'data_quality': {'min': 128, 'max': 320}, 'cores': {'min': 1, 'max': 8}})",INC_DATA_QUALITY,INC_CORES,0.9936296296296296,-3.030478701431173,4.416617057661015,-14.567725738523624,19.269365310668945
2025-06-05T16:20:02.576352,"FullStateDQN(data_quality=1000, data_quality_target=900, throughput=42, throughput_target=60, model_size=1, model_size_target=1, cores=4, free_cores=2, bounds={'data_quality': {'min': 100, 'max': 1000}, 'cores': {'min': 1, 'max': 8}})","FullStateDQN(data_quality=256, data_quality_target=288, throughput=4, throughput_target=5, model_size=2, model_size_target=3, cores=2, free_cores=2, bounds={'model_size': {'min': 1, 'max': 5}, 'data_quality': {'min': 128, 'max': 320}, 'cores': {'min': 1, 'max': 8}})",DEC_CORES,DEC_PRED_QUALITY,1.6691271865889212,-2.3264535354386684,4.210817725366352,-15.990572086011309,19.106311082839966
2025-06-05T16:20:21.699411,"FullStateDQN(data_quality=1000, data_quality_target=900, throughput=43, throughput_target=60, model_size=1, model_size_target=1, cores=4, free_cores=2, bounds={'data_quality': {'min': 100, 'max': 1000}, 'cores': {'min': 1, 'max': 8}})","FullStateDQN(data_quality=256, data_quality_target=288, throughput=1, throughput_target=5, model_size=3, model_size_target=3, cores=2, free_cores=2, bounds={'model_size': {'min': 1, 'max': 5}, 'data_quality': {'min': 128, 'max': 320}, 'cores': {'min': 1, 'max': 8}})",INC_DATA_QUALITY,INC_PRED_QUALITY,1.4470400739660945,-2.340085783883305,4.17079534952139,-15.633602487571343,19.123059511184692
2025-06-05T16:20:40.809312,"FullStateDQN(data_quality=1000, data_quality_target=900, throughput=27, throughput_target=60, model_size=1, model_size_target=1, cores=3, free_cores=3, bounds={'data_quality': {'min': 100, 'max': 1000}, 'cores': {'min': 1, 'max': 8}})","FullStateDQN(data_quality=256, data_quality_target=288, throughput=0, throughput_target=5, model_size=4, model_size_target=3, cores=2, free_cores=3, bounds={'model_size': {'min': 1, 'max': 5}, 'data_quality': {'min': 128, 'max': 320}, 'cores': {'min': 1, 'max': 8}})",DEC_CORES,INC_PRED_QUALITY,0.7126250000000001,-3.250353918822377,4.127039635289877,-16.603994518918352,19.10890030860901
2025-06-05T16:21:00.023922,"FullStateDQN(data_quality=1000, data_quality_target=900, throughput=31, throughput_target=60, model_size=1, model_size_target=1, cores=3, free_cores=3, bounds={'data_quality': {'min': 100, 'max': 1000}, 'cores': {'min': 1, 'max': 8}})","FullStateDQN(data_quality=256, data_quality_target=288, throughput=0, throughput_target=5, model_size=3, model_size_target=3, cores=2, free_cores=3, bounds={'model_size': {'min': 1, 'max': 5}, 'data_quality': {'min': 128, 'max': 320}, 'cores': {'min': 1, 'max': 8}})",INC_DATA_QUALITY,DEC_PRED_QUALITY,0.7624953703703704,-2.502707473929476,4.159474966794194,-15.620515774056969,19.214609622955322
2025-06-05T16:21:19.230684,"FullStateDQN(data_quality=1000, data_quality_target=900, throughput=17, throughput_target=60, model_size=1, model_size_target=1, cores=2, free_cores=4, bounds={'data_quality': {'min': 100, 'max': 1000}, 'cores': {'min': 1, 'max': 8}})","FullStateDQN(data_quality=288, data_quality_target=288, throughput=0, throughput_target=5, model_size=3, model_size_target=3, cores=2, free_cores=4, bounds={'model_size': {'min': 1, 'max': 5}, 'data_quality': {'min': 128, 'max': 320}, 'cores': {'min': 1, 'max': 8}})",DEC_CORES,INC_DATA_QUALITY,0.5976712962962963,-3.55546955706458,3.8734383515208637,-14.899419883646106,19.206762313842773
2025-06-05T16:21:38.413958,"FullStateDQN(data_quality=1000, data_quality_target=900, throughput=27, throughput_target=60, model_size=1, model_size_target=1, cores=3, free_cores=3, bounds={'data_quality': {'min': 100, 'max': 1000}, 'cores': {'min': 1, 'max': 8}})","FullStateDQN(data_quality=256, data_quality_target=288, throughput=0, throughput_target=5, model_size=3, model_size_target=3, cores=2, free_cores=3, bounds={'model_size': {'min': 1, 'max': 5}, 'data_quality': {'min': 128, 'max': 320}, 'cores': {'min': 1, 'max': 8}})",INC_CORES,DEC_DATA_QUALITY,0.7126250000000001,-2.0557069715343363,3.969935223677889,-14.540216186243587,19.183273792266846
2025-06-05T16:21:57.463808,"FullStateDQN(data_quality=1000, data_quality_target=900, throughput=32, throughput_target=60, model_size=1, model_size_target=1, cores=3, free_cores=3, bounds={'data_quality': {'min': 100, 'max': 1000}, 'cores': {'min': 1, 'max': 8}})","FullStateDQN(data_quality=224, data_quality_target=288, throughput=1, throughput_target=5, model_size=3, model_size_target=3, cores=2, free_cores=3, bounds={'model_size': {'min': 1, 'max': 5}, 'data_quality': {'min': 128, 'max': 320}, 'cores': {'min': 1, 'max': 8}})",INC_DATA_QUALITY,DEC_DATA_QUALITY,1.2992661699600476,-4.488429422522427,3.272834217424888,-15.261263639947265,19.04985022544861
2025-06-05T16:22:16.829143,"FullStateDQN(data_quality=1000, data_quality_target=900, throughput=41, throughput_target=60, model_size=1, model_size_target=1, cores=4, free_cores=2, bounds={'data_quality': {'min': 100, 'max': 1000}, 'cores': {'min': 1, 'max': 8}})","FullStateDQN(data_quality=256, data_quality_target=288, throughput=0, throughput_target=5, model_size=3, model_size_target=3, cores=2, free_cores=2, bounds={'model_size': {'min': 1, 'max': 5}, 'data_quality': {'min': 128, 'max': 320}, 'cores': {'min': 1, 'max': 8}})",INC_CORES,INC_DATA_QUALITY,0.881337962962963,-1.1000470710748633,4.59738083842309,-14.018549519576936,19.36533522605896
2025-06-05T16:22:35.973211,"FullStateDQN(data_quality=1000, data_quality_target=900, throughput=44, throughput_target=60, model_size=1, model_size_target=1, cores=4, free_cores=2, bounds={'data_quality': {'min': 100, 'max': 1000}, 'cores': {'min': 1, 'max': 8}})","FullStateDQN(data_quality=288, data_quality_target=288, throughput=0, throughput_target=5, model_size=3, model_size_target=3, cores=2, free_cores=2, bounds={'model_size': {'min': 1, 'max': 5}, 'data_quality': {'min': 128, 'max': 320}, 'cores': {'min': 1, 'max': 8}})",INC_DATA_QUALITY,INC_DATA_QUALITY,0.9122962962962964,-5.003618310959276,3.0172551173478617,-14.806587714021388,19.14406704902649
2025-06-05T16:22:55.256416,"FullStateDQN(data_quality=1000, data_quality_target=900, throughput=58, throughput_target=60, model_size=1, model_size_target=1, cores=5, free_cores=1, bounds={'data_quality': {'min': 100, 'max': 1000}, 'cores': {'min': 1, 'max': 8}})","FullStateDQN(data_quality=288, data_quality_target=288, throughput=0, throughput_target=5, model_size=3, model_size_target=3, cores=2, free_cores=1, bounds={'model_size': {'min': 1, 'max': 5}, 'data_quality': {'min': 128, 'max': 320}, 'cores': {'min': 1, 'max': 8}})",INC_CORES,DILLY_DALLY,1.0983703703703704,-1.1000470710748615,4.597380838423091,-14.018549519576935,19.28320598602295
2025-06-05T16:23:14.310777,"FullStateDQN(data_quality=1000, data_quality_target=900, throughput=52, throughput_target=60, model_size=1, model_size_target=1, cores=5, free_cores=1, bounds={'data_quality': {'min': 100, 'max': 1000}, 'cores': {'min': 1, 'max': 8}})","FullStateDQN(data_quality=288, data_quality_target=288, throughput=2, throughput_target=5, model_size=2, model_size_target=3, cores=2, free_cores=1, bounds={'model_size': {'min': 1, 'max': 5}, 'data_quality': {'min': 128, 'max': 320}, 'cores': {'min': 1, 'max': 8}})",INC_DATA_QUALITY,DEC_PRED_QUALITY,1.5299380331497678,-4.620746575117565,3.199126586162738,-15.328206494613594,19.05436086654663
2025-06-05T16:23:33.614690,"FullStateDQN(data_quality=1000, data_quality_target=900, throughput=40, throughput_target=60, model_size=1, model_size_target=1, cores=4, free_cores=2, bounds={'data_quality': {'min': 100, 'max': 1000}, 'cores': {'min': 1, 'max': 8}})","FullStateDQN(data_quality=320, data_quality_target=288, throughput=1, throughput_target=5, model_size=2, model_size_target=3, cores=2, free_cores=2, bounds={'model_size': {'min': 1, 'max': 5}, 'data_quality': {'min': 128, 'max': 320}, 'cores': {'min': 1, 'max': 8}})",DEC_CORES,INC_DATA_QUALITY,1.3442453703703705,-2.0569640888205747,4.571086415437763,-14.879261835668949,19.303913116455078
2025-06-05T16:23:52.732140,"FullStateDQN(data_quality=1000, data_quality_target=900, throughput=45, throughput_target=60, model_size=1, model_size_target=1, cores=4, free_cores=2, bounds={'data_quality': {'min': 100, 'max': 1000}, 'cores': {'min': 1, 'max': 8}})","FullStateDQN(data_quality=320, data_quality_target=288, throughput=1, throughput_target=5, model_size=2, model_size_target=3, cores=2, free_cores=2, bounds={'model_size': {'min': 1, 'max': 5}, 'data_quality': {'min': 128, 'max': 320}, 'cores': {'min': 1, 'max': 8}})",INC_DATA_QUALITY,DILLY_DALLY,1.4957500000000001,-2.1835857251636366,3.9417036519072335,-14.513567765349222,19.117449522018433
2025-06-05T16:24:11.929628,"FullStateDQN(data_quality=1000, data_quality_target=900, throughput=35, throughput_target=60, model_size=1, model_size_target=1, cores=3, free_cores=3, bounds={'data_quality': {'min': 100, 'max': 1000}, 'cores': {'min': 1, 'max': 8}})","FullStateDQN(data_quality=288, data_quality_target=288, throughput=3, throughput_target=5, model_size=2, model_size_target=3, cores=2, free_cores=3, bounds={'model_size': {'min': 1, 'max': 5}, 'data_quality': {'min': 128, 'max': 320}, 'cores': {'min': 1, 'max': 8}})",DEC_CORES,DEC_DATA_QUALITY,1.5141556257423605,-4.845656636633007,3.609699582805461,-15.031567550849056,19.19748830795288
2025-06-05T16:24:31.115754,"FullStateDQN(data_quality=1000, data_quality_target=900, throughput=27, throughput_target=60, model_size=1, model_size_target=1, cores=3, free_cores=3, bounds={'data_quality': {'min': 100, 'max': 1000}, 'cores': {'min': 1, 'max': 8}})","FullStateDQN(data_quality=320, data_quality_target=288, throughput=2, throughput_target=5, model_size=2, model_size_target=3, cores=2, free_cores=3, bounds={'model_size': {'min': 1, 'max': 5}, 'data_quality': {'min': 128, 'max': 320}, 'cores': {'min': 1, 'max': 8}})",INC_DATA_QUALITY,INC_DATA_QUALITY,1.3105,-3.194700940084532,3.6871739609567014,-14.533214186755519,19.186126232147217
2025-06-05T16:24:50.139468,"FullStateDQN(data_quality=1000, data_quality_target=900, throughput=16, throughput_target=60, model_size=1, model_size_target=1, cores=2, free_cores=4, bounds={'data_quality': {'min': 100, 'max': 1000}, 'cores': {'min': 1, 'max': 8}})","FullStateDQN(data_quality=288, data_quality_target=288, throughput=2, throughput_target=5, model_size=2, model_size_target=3, cores=2, free_cores=4, bounds={'model_size': {'min': 1, 'max': 5}, 'data_quality': {'min': 128, 'max': 320}, 'cores': {'min': 1, 'max': 8}})",DEC_CORES,DEC_DATA_QUALITY,1.141938033149768,-4.9778824231186105,3.6096995828054665,-15.16379333733467,19.023714065551758
2025-06-05T16:25:09.216590,"FullStateDQN(data_quality=1000, data_quality_target=900, throughput=34, throughput_target=60, model_size=1, model_size_target=1, cores=3, free_cores=3, bounds={'data_quality': {'min': 100, 'max': 1000}, 'cores': {'min': 1, 'max': 8}})","FullStateDQN(data_quality=288, data_quality_target=288, throughput=3, throughput_target=5, model_size=2, model_size_target=3, cores=2, free_cores=3, bounds={'model_size': {'min': 1, 'max': 5}, 'data_quality': {'min': 128, 'max': 320}, 'cores': {'min': 1, 'max': 8}})",INC_CORES,DILLY_DALLY,1.601938033149768,-3.86046703362406,3.455752084665125,-14.428549519576993,19.07712173461914
2025-06-05T16:25:28.241616,"FullStateDQN(data_quality=1000, data_quality_target=900, throughput=25, throughput_target=60, model_size=1, model_size_target=1, cores=3, free_cores=3, bounds={'data_quality': {'min': 100, 'max': 1000}, 'cores': {'min': 1, 'max': 8}})","FullStateDQN(data_quality=256, data_quality_target=288, throughput=4, throughput_target=5, model_size=2, model_size_target=3, cores=2, free_cores=3, bounds={'model_size': {'min': 1, 'max': 5}, 'data_quality': {'min': 128, 'max': 320}, 'cores': {'min': 1, 'max': 8}})",INC_DATA_QUALITY,DEC_DATA_QUALITY,1.465205890292625,-6.125445116386695,2.6995855800909716,-14.614504380688162,19.025025844573975
2025-06-05T16:25:47.526547,"FullStateDQN(data_quality=1000, data_quality_target=900, throughput=44, throughput_target=60, model_size=1, model_size_target=1, cores=4, free_cores=2, bounds={'data_quality': {'min': 100, 'max': 1000}, 'cores': {'min': 1, 'max': 8}})","FullStateDQN(data_quality=288, data_quality_target=288, throughput=2, throughput_target=5, model_size=2, model_size_target=3, cores=2, free_cores=2, bounds={'model_size': {'min': 1, 'max': 5}, 'data_quality': {'min': 128, 'max': 320}, 'cores': {'min': 1, 'max': 8}})",INC_CORES,INC_DATA_QUALITY,1.4665306257423605,-1.4524381382644016,4.4563772622861775,-13.95138463278892,19.28493046760559
2025-06-05T16:26:06.608406,"FullStateDQN(data_quality=1000, data_quality_target=900, throughput=45, throughput_target=60, model_size=1, model_size_target=1, cores=4, free_cores=2, bounds={'data_quality': {'min': 100, 'max': 1000}, 'cores': {'min': 1, 'max': 8}})","FullStateDQN(data_quality=256, data_quality_target=288, throughput=3, throughput_target=5, model_size=2, model_size_target=3, cores=2, free_cores=2, bounds={'model_size': {'min': 1, 'max': 5}, 'data_quality': {'min': 128, 'max': 320}, 'cores': {'min': 1, 'max': 8}})",INC_DATA_QUALITY,DEC_DATA_QUALITY,1.5750021865889212,-5.497067182317009,2.880320970300975,-14.890546047354775,19.081859588623047
2025-06-05T16:26:25.972160,"FullStateDQN(data_quality=1000, data_quality_target=900, throughput=54, throughput_target=60, model_size=1, model_size_target=1, cores=5, free_cores=1, bounds={'data_quality': {'min': 100, 'max': 1000}, 'cores': {'min': 1, 'max': 8}})","FullStateDQN(data_quality=288, data_quality_target=288, throughput=3, throughput_target=5, model_size=2, model_size_target=3, cores=2, free_cores=1, bounds={'model_size': {'min': 1, 'max': 5}, 'data_quality': {'min': 128, 'max': 320}, 'cores': {'min': 1, 'max': 8}})",INC_CORES,INC_DATA_QUALITY,1.6882343294460642,-2.513884695082421,4.150680425830404,-13.863043421047742,19.363754510879517
2025-06-05T16:26:45.040287,"FullStateDQN(data_quality=1000, data_quality_target=900, throughput=55, throughput_target=60, model_size=1, model_size_target=1, cores=5, free_cores=1, bounds={'data_quality': {'min': 100, 'max': 1000}, 'cores': {'min': 1, 'max': 8}})","FullStateDQN(data_quality=256, data_quality_target=288, throughput=4, throughput_target=5, model_size=2, model_size_target=3, cores=2, free_cores=1, bounds={'model_size': {'min': 1, 'max': 5}, 'data_quality': {'min': 128, 'max': 320}, 'cores': {'min': 1, 'max': 8}})",INC_DATA_QUALITY,DEC_DATA_QUALITY,1.767289223625958,-4.915769296242555,2.880320970300974,-14.309248161280333,19.06812620162964
2025-06-05T16:27:04.394550,"FullStateDQN(data_quality=1000, data_quality_target=900, throughput=42, throughput_target=60, model_size=1, model_size_target=1, cores=4, free_cores=2, bounds={'data_quality': {'min': 100, 'max': 1000}, 'cores': {'min': 1, 'max': 8}})","FullStateDQN(data_quality=256, data_quality_target=288, throughput=4, throughput_target=5, model_size=2, model_size_target=3, cores=2, free_cores=2, bounds={'model_size': {'min': 1, 'max': 5}, 'data_quality': {'min': 128, 'max': 320}, 'cores': {'min': 1, 'max': 8}})",DEC_CORES,DILLY_DALLY,1.769127186588921,-3.5569057368559225,4.065026346349837,-14.551761835669003,19.35324001312256
2025-06-05T16:27:23.424659,"FullStateDQN(data_quality=1000, data_quality_target=900, throughput=43, throughput_target=60, model_size=1, model_size_target=1, cores=4, free_cores=2, bounds={'data_quality': {'min': 100, 'max': 1000}, 'cores': {'min': 1, 'max': 8}})","FullStateDQN(data_quality=224, data_quality_target=288, throughput=4, throughput_target=5, model_size=2, model_size_target=3, cores=2, free_cores=2, bounds={'model_size': {'min': 1, 'max': 5}, 'data_quality': {'min': 128, 'max': 320}, 'cores': {'min': 1, 'max': 8}})",INC_DATA_QUALITY,DEC_DATA_QUALITY,1.627068864053558,-5.248075011422628,2.8803209703009767,-14.641553876460401,19.03010892868042
2025-06-05T16:27:42.669677,"FullStateDQN(data_quality=1000, data_quality_target=900, throughput=33, throughput_target=60, model_size=1, model_size_target=1, cores=3, free_cores=3, bounds={'data_quality': {'min': 100, 'max': 1000}, 'cores': {'min': 1, 'max': 8}})","FullStateDQN(data_quality=256, data_quality_target=288, throughput=3, throughput_target=5, model_size=2, model_size_target=3, cores=2, free_cores=3, bounds={'model_size': {'min': 1, 'max': 5}, 'data_quality': {'min': 128, 'max': 320}, 'cores': {'min': 1, 'max': 8}})",DEC_CORES,INC_DATA_QUALITY,1.4405021865889212,-2.3480317539076356,4.413438998570195,-14.734123236448204,19.245018243789673
2025-06-05T16:28:01.721386,"FullStateDQN(data_quality=1000, data_quality_target=900, throughput=31, throughput_target=60, model_size=1, model_size_target=1, cores=3, free_cores=3, bounds={'data_quality': {'min': 100, 'max': 1000}, 'cores': {'min': 1, 'max': 8}})","FullStateDQN(data_quality=224, data_quality_target=288, throughput=5, throughput_target=5, model_size=2, model_size_target=3, cores=2, free_cores=3, bounds={'model_size': {'min': 1, 'max': 5}, 'data_quality': {'min': 128, 'max': 320}, 'cores': {'min': 1, 'max': 8}})",INC_DATA_QUALITY,DEC_DATA_QUALITY,1.5392355307202248,-5.3803007979082516,2.880320970300975,-14.773779662946017,19.051708698272705
2025-06-05T16:28:21.103483,"FullStateDQN(data_quality=1000, data_quality_target=900, throughput=29, throughput_target=60, model_size=1, model_size_target=1, cores=3, free_cores=3, bounds={'data_quality': {'min': 100, 'max': 1000}, 'cores': {'min': 1, 'max': 8}})","FullStateDQN(data_quality=224, data_quality_target=288, throughput=6, throughput_target=5, model_size=2, model_size_target=3, cores=3, free_cores=2, bounds={'model_size': {'min': 1, 'max': 5}, 'data_quality': {'min': 128, 'max': 320}, 'cores': {'min': 1, 'max': 8}})",DILLY_DALLY,INC_CORES,1.6142447899794838,-3.5778598516881654,4.169238960255036,-14.973861630159137,19.382097482681274
2025-06-05T16:28:40.343262,"FullStateDQN(data_quality=900, data_quality_target=900, throughput=41, throughput_target=60, model_size=1, model_size_target=1, cores=3, free_cores=2, bounds={'data_quality': {'min': 100, 'max': 1000}, 'cores': {'min': 1, 'max': 8}})","FullStateDQN(data_quality=192, data_quality_target=288, throughput=8, throughput_target=5, model_size=2, model_size_target=3, cores=3, free_cores=2, bounds={'model_size': {'min': 1, 'max': 5}, 'data_quality': {'min': 128, 'max': 320}, 'cores': {'min': 1, 'max': 8}})",DEC_DATA_QUALITY,DEC_DATA_QUALITY,1.6045978026131087,-2.82067382570812,4.84551655152342,-16.951904662945807,19.239779472351074
2025-06-05T16:28:59.683144,"FullStateDQN(data_quality=1000, data_quality_target=900, throughput=31, throughput_target=60, model_size=1, model_size_target=1, cores=3, free_cores=2, bounds={'data_quality': {'min': 100, 'max': 1000}, 'cores': {'min': 1, 'max': 8}})","FullStateDQN(data_quality=224, data_quality_target=288, throughput=6, throughput_target=5, model_size=2, model_size_target=3, cores=3, free_cores=2, bounds={'model_size': {'min': 1, 'max': 5}, 'data_quality': {'min': 128, 'max': 320}, 'cores': {'min': 1, 'max': 8}})",INC_DATA_QUALITY,INC_DATA_QUALITY,1.5392355307202248,-3.113486386069166,4.145630113028412,-14.459789278330668,19.339881420135498
2025-06-05T16:29:18.680699,"FullStateDQN(data_quality=900, data_quality_target=900, throughput=38, throughput_target=60, model_size=1, model_size_target=1, cores=3, free_cores=2, bounds={'data_quality': {'min': 100, 'max': 1000}, 'cores': {'min': 1, 'max': 8}})","FullStateDQN(data_quality=192, data_quality_target=288, throughput=8, throughput_target=5, model_size=2, model_size_target=3, cores=3, free_cores=2, bounds={'model_size': {'min': 1, 'max': 5}, 'data_quality': {'min': 128, 'max': 320}, 'cores': {'min': 1, 'max': 8}})",DEC_DATA_QUALITY,DEC_DATA_QUALITY,1.5708894692797755,-6.260352009799253,3.1415526531466265,-16.90190466294585,18.996534824371338
2025-06-05T16:29:38.016037,"FullStateDQN(data_quality=800, data_quality_target=900, throughput=55, throughput_target=60, model_size=1, model_size_target=1, cores=3, free_cores=2, bounds={'data_quality': {'min': 100, 'max': 1000}, 'cores': {'min': 1, 'max': 8}})","FullStateDQN(data_quality=192, data_quality_target=288, throughput=7, throughput_target=5, model_size=2, model_size_target=3, cores=3, free_cores=2, bounds={'model_size': {'min': 1, 'max': 5}, 'data_quality': {'min': 128, 'max': 320}, 'cores': {'min': 1, 'max': 8}})",DEC_DATA_QUALITY,DILLY_DALLY,1.7919375016871828,-4.466320760558023,4.284750569054527,-16.937737996279186,19.335338830947876
2025-06-05T16:29:57.319341,"FullStateDQN(data_quality=900, data_quality_target=900, throughput=37, throughput_target=60, model_size=1, model_size_target=1, cores=3, free_cores=2, bounds={'data_quality': {'min': 100, 'max': 1000}, 'cores': {'min': 1, 'max': 8}})","FullStateDQN(data_quality=160, data_quality_target=288, throughput=8, throughput_target=5, model_size=2, model_size_target=3, cores=3, free_cores=2, bounds={'model_size': {'min': 1, 'max': 5}, 'data_quality': {'min': 128, 'max': 320}, 'cores': {'min': 1, 'max': 8}})",INC_DATA_QUALITY,DEC_DATA_QUALITY,1.5067848504481156,-5.033415548636467,3.7221928180133284,-14.981534292575668,19.303303003311157
2025-06-05T16:30:16.487781,"FullStateDQN(data_quality=800, data_quality_target=900, throughput=48, throughput_target=60, model_size=1, model_size_target=1, cores=3, free_cores=2, bounds={'data_quality': {'min': 100, 'max': 1000}, 'cores': {'min': 1, 'max': 8}})","FullStateDQN(data_quality=192, data_quality_target=288, throughput=7, throughput_target=5, model_size=2, model_size_target=3, cores=3, free_cores=2, bounds={'model_size': {'min': 1, 'max': 5}, 'data_quality': {'min': 128, 'max': 320}, 'cores': {'min': 1, 'max': 8}})",DEC_DATA_QUALITY,INC_DATA_QUALITY,1.649775464650146,-5.055122112617145,3.6975563598526637,-15.856547520088842,19.167426586151123
2025-06-05T16:30:35.591849,"FullStateDQN(data_quality=900, data_quality_target=900, throughput=44, throughput_target=60, model_size=1, model_size_target=1, cores=3, free_cores=2, bounds={'data_quality': {'min': 100, 'max': 1000}, 'cores': {'min': 1, 'max': 8}})","FullStateDQN(data_quality=160, data_quality_target=288, throughput=8, throughput_target=5, model_size=2, model_size_target=3, cores=3, free_cores=2, bounds={'model_size': {'min': 1, 'max': 5}, 'data_quality': {'min': 128, 'max': 320}, 'cores': {'min': 1, 'max': 8}})",INC_DATA_QUALITY,DEC_DATA_QUALITY,1.583169109707375,-5.99865274060852,3.1431141812908105,-14.494328905370342,19.10406756401062
